Date,Press_rel
2021-05-03,Goldman Sachs Fixed Income Investor Conference Call
2021-04-29,Goldman Sachs Commits Additional $10 Million to Support COVID-19 Relief and Recovery Efforts in India
2021-04-19,"Goldman Sachs Announces Redemption of All Outstanding Depositary Shares Representing Interests in its 6.30% Non-Cumulative Preferred Stock, Series N"
2021-04-14,Goldman Sachs Reports 2021 First Quarter Earnings Per Common Share of $18.60
2021-04-13,"Goldman Sachs to Open Office in Birmingham, UK"
2021-04-09,"Goldman Sachs Announces Redemption of 3.00% Notes due April 26, 2022 and Floating Rate Notes due April 26, 2022"
2021-04-09,Goldman Sachs Declares Preferred Stock Dividends
2021-03-18,Goldman Sachs Commits Additional $500 Million to Launch With GS for Total of $1 Billion
2021-03-15,Jessica Uhl Nominated to Goldman Sachs Board of Directors
2021-03-10,Goldman Sachs Commits $10 Billion in Investment Capital and $100 Million in Philanthropic Capital To Impact The Lives of One Million Black Women
2021-03-04,Goldman Sachs Update on Our 2030 Sustainable Finance Commitment
2021-03-01,Goldman Sachs to Present at the Wolfe Virtual FinTech Forum
2021-02-25,Goldman Sachs to Present at the RBC Global Financial Institutions Conference 2021
2021-02-23,"Goldman Sachs Announces Redemption of 2.625% Notes due April 25, 2021"
2021-02-19,"Goldman Sachs Announces Redemption of Floating Rate Notes due April 23, 2021"
2021-02-17,Goldman Sachs Commits $25 Million to Inaugural Market Madness: HBCU Possibilities Program
2021-02-16,Goldman Sachs Conference Call to Announce First Quarter 2021 Results
2021-02-12,Goldman Sachs Issues $800 Million Sustainability Bond
2021-02-11,Goldman Sachs to Present at the 22nd Annual Credit Suisse Virtual Financial Services Forum
2021-01-19,Goldman Sachs Reports 2020 Earnings Per Common Share of $24.74 and Fourth Quarter Earnings Per Common Share of $12.08; Update on Strategic Plan
2020-01-15,Goldman Sachs Declares Preferred Stock Dividends
2021-01-08,"Goldman Sachs Announces Redemption of 2.875% Notes due February 25, 2021"
2021-01-06,"Goldman Sachs Announces Redemption of All Outstanding Depository Share Representing Interests in its 5.375% Fixed-to-Floating Rate Non-Cumulative Preferred Stock, Series M"
2021-01-05,Goldman Sachs Conference Call to Announce Fourth Quarter 2020 Results
2020-12-18,Goldman Sachs Statement on Stress Test Results
2020-12-16,Goldman Sachs' Launch With GS Announces Investment in MaC Venture Capital I
2020-12-14,Goldman Sachs Announces New Commitment to Support Small Business
2020-11-17,Goldman Sachs Fixed Income Investor Conference Call
2020-11-12,Goldman Sachs Announces Partner Class of 2020
2020-10-30,"Goldman Sachs Announces Redemption of 2.35% Notes due November 15, 2021 and Floating Rate Notes due November 15, 2021"
2020-10-29,Goldman Sachs to Present at the BancAnalysts Association of Boston Conference
2020-10-28,Goldman Sachs to Present at the Bank of America Merrill Lynch Future of Financials 2020 Conference
2020-10-22,Goldman Sachs' Statements Relating to 1MDB Government and Regulatory Settlements
2020-10-14,Goldman Sachs Reports 2020 Third Quarter Earnings
2020-10-09,Goldman Sachs Declares Preferred Stock Dividends
2020-09-18,"Goldman Sachs Acquiring Folio Financial, Inc. to Further Enhance Offering to Registered Investment Advisor Clients"
2020-09-04,Goldman Sachs Statement on Stress Capital Buffer Revision
2020-08-11,Goldman Sachs Announces Intention to Delist Two ETNs
2020-08-05,"Update on Inclusion and Diversity at Goldman Sachs, Including New Aspirational Goals"
2020-07-31,Goldman Sachs Conference Call to Announce Third Quarter 2020 Results
2020-07-24,Statement on the Agreement with the Government of Malaysia
2020-07-24,Goldman Sachs Announcement on Agreement with Government of Malaysia
2020-07-16,"Goldman Sachs Announces Redemption of 2.75% Notes due September 15, 2020 and Floating Rate Notes due September 15, 2020"
2020-07-15,Goldman Sachs Reports 2020 Second Quarter Earnings
2020-07-10,Goldman Sachs Declares Preferred Stock Dividends
2020-07-09,Goldman Sachs Joins Initiative to Help Shape Industryâs Role in Financing Climate Transition
2020-06-29,Goldman Sachs Statement on Stress Capital Buffer
2020-06-23,Announcement Regarding Selection of Successor Indices for Motif Indices
2020-06-18,Goldman Sachs Announces Fund for Racial Equity Grant Recipients
2020-06-15,Goldman Sachs Increases Small Business Commitment to $775 Million
2020-06-03,Goldman Sachs Establishes Fund for Racial Equity
2020-06-03,Submission from David Solomon to U.S. House of Representatives Subcommittee on Consumer Protection and Financial Institutions Hearing
2020-06-02,Announcement Regarding Motif Indices
2020-05-19,Goldman Sachs to Present at Bernstein's 36th Annual Strategic Decisions Conference
2020-05-14,Goldman Sachs Announces 2020 Launch With GS Black and Latinx Entrepreneur Cohort
2020-05-08,"Goldman Sachs Bank USA Announces Redemption of Floating Rate Notes due May 24, 2021"
2020-05-07,Goldman Sachs Fixed Income Investor Conference Call
2020-04-21,Announcement Regarding Motif Indices
2020-04-20,"Goldman Sachs 10,000 Women Expands Free Online Education for Small Businesses"
2020-04-15,Goldman Sachs Reports 2020 First Quarter Earnings Per Common Share of $3.11
2020-04-14,"Goldman Sachs, Governor Greg Abbott of Texas, LiftFund Announce $50 Million in Loans For Texas Small Businesses"
2020-04-14,"Goldman Sachs, Governor Greg Abbott of Texas, LiftFund Announce $50 Million in Loans For Texas Small Businesses"
2020-04-09,Goldman Sachs Declares Preferred Stock Dividends
2020-04-07,"David Solomon, Top Financial Services Executives, Participate in White House Conference on Small Businesses"
2020-04-06,Kathryn H. Ruemmler Joins Goldman Sachs as Global Head of Regulatory Affairs; Michael Richman to Become Chief Compliance Officer
2020-04-02,Goldman Sachs Commits $300 Million to Support Communities and Small Business
2020-03-27,Goldman Sachs Receives Approval to Increase Ownership of China JV to 51%
2020-03-17,Goldman Sachs Issues Statement on Access of Discount Window
2020-03-16,Goldman Sachs Issues Statement on Share Repurchases
2020-03-11,Goldman Sachs Announces Conference Call Dates for Fiscal 2020 First and Second Quarter Results
2020-03-10,More Financial Firms Join Call for Regulatory Action to Enhance Safety and Soundness of Clearing Houses
2020-03-09,Goldman Sachs to Present at the 2020 Wolfe Research FinTech Forum
2020-03-02,Goldman Sachs Announces Launch With GS Black and Latinx Entrepreneur Cohort
2020-02-21,"Goldman Sachs Announces Redemption of 2.600% Notes due April 23, 2020 and Floating Rate Notes due April 23, 2020"
2020-02-14,Goldman Sachs to Present at the Credit Suisse 21st Annual Financial Services Forum
2020-01-29,Goldman Sachs Presents on Strategic Evolution at Investor Day
2020-01-23,"Goldman Sachs Announces Redemption of All Outstanding Depositary Shares Representing Interests In Its 5.70% Fixed-to-Floating Rate Non-Cumulative Preferred Stock, Series L"
2020-01-22,Goldman Sachs 2020 Investor Day
2020-01-15,Goldman Sachs Reports 2019 Earnings Per Common Share of $21.03 and Fourth Quarter Earnings Per Common Share of $4.69
2020-01-10,Goldman Sachs Declares Preferred Stock Dividends
2020-01-07,Goldman Sachs Announces New Business Segments
2019-12-12,"Goldman Sachs Announces Redemption of Floating Rate Notes due December 27, 2020"
2019-11-14,Goldman Sachs Announces Managing Director Class of 2019
2019-11-14,Goldman Sachs Conference Call to Announce Fourth Quarter 2019 Results
2019-11-12,Goldman Sachs Announces Partial Redemption of Series L Depositary Shares
2019-11-05,Goldman Sachs 2020 Investor Day
2019-10-29,"Goldman Sachs Announces Redemption of 2.30% Notes due December 13, 2019"
2019-10-24,"Goldman Sachs, Other Financial Firms, Call for Regulatory Action to Enhance Safety and Soundness of Clearing Houses"
2019-10-22,Goldman Sachs to Present at the Bank of America Merrill Lynch Future of Financials 2019 Conference
2019-10-15,Goldman Sachs Reports 2019 Third Quarter Earnings Per Common Share of $4.79
2019-10-11,Goldman Sachs Declares Preferred Stock Dividends
2019-09-18,Statement on the Publication of the Climate Finance Leadership Initiative Report
2019-09-12,Marco Argenti Joins Goldman Sachs as Co-Chief Information Officer; Atte Lahtiranta Joins the Firm as Chief Technology Officer
2019-08-13,Statement on the Claymore CEF Index-Linked GS Connect(SM) ETN
2019-08-12,Certain Calculation Errors in Intraday Indicative Values for the Claymore CEF Index-Linked GS Connect(SM) ETN
2019-07-24,Announcing the Formation of the Sustainable Finance Group
2019-07-16,Goldman Sachs Reports 2019 Second Quarter Earnings Per Common Share of $5.81 and Increases the Quarterly Dividend to $1.25 Per Common Share
2019-07-12,Goldman Sachs Declares Preferred Stock Dividends
2019-06-27,Goldman Sachs Statement on Proposed Capital Actions
2019-06-14,"Goldman Sachs Announces Redemption of All Outstanding Depositary Shares Representing Interests in its 6.20% Non-Cumulative Preferred Stock, Series B"
2019-06-12,"Goldman Sachs Announces Partial Redemption of Depositary Shares Representing Interests in its 5.70% Fixed-to-Floating Rate Non-Cumulative Preferred Stock, Series L"
2019-05-23,Goldman Sachs to Present at Sanford C. Bernstein's 2019 Annual Strategic Decisions Conference
2019-05-16,Goldman Sachs Announces Acquisition of United Capital
2019-05-15,Goldman Sachs Plans to Expand Client Offering in South Africa
2019-05-01,Goldman Sachs Conference Call Dates for Fiscal 2019 Second and Third Quarter Results
2019-04-23,Goldman Sachs Fixed Income Investor Conference Call
2019-04-15,Goldman Sachs Reports 2019 First Quarter Earnings Per Common Share of $5.71 and Increases the Quarterly Dividend to $0.85 Per Common Share
2019-04-12,Goldman Sachs Declares Preferred Stock Dividends
2019-03-18,"Email to Goldman Sachs People from David Solomon, John Waldron and Stephen Scherr on Advancing Diversity and Inclusion at Goldman Sachs"
2019-03-11,Goldman Sachs Conference Call to Announce First Quarter 2019 Results
2019-01-30,Goldman Sachs to Present at the Credit Suisse 20th Annual Financial Services Forum
2019-01-16,Goldman Sachs Reports 2018 Earnings Per Common Share of $25.27 and Fourth Quarter Earnings Per Common Share of $6.04
2019-01-11,Goldman Sachs Declares Preferred Stock Dividends
2018-12-19,Vice Admiral Jan Tighe Joins Goldman Sachs Board of Directors
2018-11-07,Goldman Sachs Announces Partner Class of 2018
2018-10-22,Goldman Sachs to Present at the Bank of America Merrill Lynch Future of Financials 2018 Conference
2018-10-16,Goldman Sachs Reports 2018 Third Quarter Earnings Per Common Share of $6.28
2018-10-12,Goldman Sachs Declares Preferred Stock Dividends
2018-09-28,"Goldman Sachs Amends General Guarantee Agreements Guaranteeing the Obligations of Goldman Sachs Bank USA, Goldman Sachs & Co. LLC and Goldman Sachs Paris Inc. et Cie"
2018-09-27,Marcus by Goldman Sachs Launches in the UK
2018-09-24,Goldman Sachs Announces Pricing Terms of Its Tender Offer For 6.125% Notes Due February 2033
2018-09-24,"Goldman Sachs Announces Results of Tender Offer for Any and All of Its 2.625% Notes Due January 2019, 7.50% Notes Due February 2019 and 6.125% Notes Due February 2033"
2018-09-18,"Goldman Sachs Announces Tender Offer for Any and All of Its 2.625% Notes Due January 2019, 7.50% Notes Due February 2019 and 6.125% Notes Due February 2033"
2018-09-13,John E. Waldron Named President and Chief Operating Officer; Stephen M. Scherr to Become Chief Financial Officer; R. Martin Chavez to Become Vice Chairman of Goldman Sachs and Co-Head of the Securities Division
2018-08-28,Marcus by Goldman Sachs Partners with HouseCanary to Launch Home Addition Calculator
2018-08-22,Goldman Sachs Enters Agreement for the Sale and Leaseback of Plumtree Court
2018-08-17,Goldman Sachs Announces $1.5.Billion First Close of the Cooperation Fund
2018-07-20,Goldman Sachs Fixed Income Investor Conference Call
2018-07-17,David Solomon Formally Announced as Lloyd Blankfein's Successor
2018-07-17,Lloyd C. Blankfein to Retire as Chairman and Chief Executive Officer of Goldman Sachs; David M. Solomon Named as Successor
2018-07-17,Goldman Sachs Reports 2018 Second Quarter Earnings Per Common Share of $5.98
2018-07-13,Goldman Sachs Declares Preferred Stock Dividends
2018-07-05,Drew Faust Joins Goldman Sachs Board of Directors
2018-06-28,Goldman Sachs Statement on Proposed Capital Actions
2018-06-21,Statement on Dodd-Frank Act Stress Test (âDFASTâ) Results
2018-05-21,"Goldman Sachs 10,000 Women Launches Online Education Partnership with Coursera"
2018-05-18,"IFC, Goldman Sachs Initiative Invests $1 Billion in Women Entrepreneurs in Emerging Markets"
2018-05-10,Goldman Sachs to Present at Sanford C. Bernstein's 2018 Annual Strategic Decisions Conference
2018-04-18,Goldman Sachs and China Investment Corporation Host US-China Business Summit
2018-04-17,Goldman Sachs Reports 2018 First Quarter Earnings Per Common Share of $6.95 and Increases the Quarterly Dividend to $0.80 Per Common Share
2018-04-15,Marcus by Goldman Sachs Announces Acquisition of Clarity Money
2018-04-13,Goldman Sachs Declares Preferred Stock Dividends
2018-03-20,Goldman Sachs Private Bank Provides Online Lending Capabilities to LPL Financial Advisors
2018-03-15,Email to Goldman Sachs Employees from Lloyd Blankfein and David Solomon
2018-03-12,"Harvey M. Schwartz to Retire From Goldman Sachs, David M. Solomon to Serve as Sole President and Chief Operating Officer"
2018-02-06,Maria Silvia Bastos Marques named President and CEO of Goldman Sachs Brazil
2018-02-01,"Goldman Sachs Announces Conference Call Dates for Fiscal 2018 First Quarter, Second Quarter, Third Quarter and Fourth Quarter Earnings"
2018-01-25,Goldman Sachs to Present at the Credit Suisse 19th Annual Financial Services Forum
2018-01-17,"Goldman Sachs Reports 2017 Earnings Per Common Share of $9.01; Excluding Tax Legislation, Earnings Per Common Share were $19.76 for 2017"
2018-01-12,"Goldman Sachs Announces Partial Redemption of Depositary Shares Representing Interests in its 6.20% Non-Cumulative Preferred Stock, Series B"
2018-01-11,Goldman Sachs Declares Preferred Stock Dividends
2017-12-19,Karen Patton Seymour to Join Goldman Sachs as a Partner and Co-General Counsel
2017-11-20,Goldman Sachs Announces Executing Broker Arrangement with Bloomberg Tradebook
2017-11-09,Goldman Sachs and China Investment Corporation Establish $5 Billion Fund to Invest in United States Companies
2017-11-08,Goldman Sachs Announces New Managing Directors
2017-11-01,Goldman Sachs to Present at the Bank of America Merrill Lynch Future of Financials 2017 Conference
2017-10-18,"Goldman Sachs Announces Redemption of All Outstanding Depositary Shares Representing Interest in its 5.95% Non-Cumulative Preferred Stock, Series I"
2017-10-17,Goldman Sachs Reports 2017 Third Quarter Earnings Per Common Share of $5.02
2017-10-13,Goldman Sachs Declares Preferred Stock Dividends
2017-08-23,Goldman Sachs to Present at the Barclays Global Financial Services Conference
2017-07-27,Fact Sheet: Goldman Sachs Private Bank Selectâ¢
2017-07-20,Goldman Sachs Fixed Income Investor Conference Call
2017-07-18,Goldman Sachs Reports 2017 Second Quarter Earnings Per Common Share of $3.95
2017-07-14,Goldman Sachs Declares Preferred Stock Dividends
2017-06-28,Goldman Sachs Statement on Proposed Capital Actions
2017-06-12,Goldman Sachs Signs Long-Term Power Purchase Agreement to Spur Renewable Energy Growth and Jobs
2017-06-07,Goldman Sachs Announces Final Results of its Tender Offer for Subordinated Notes
2017-06-02,"Goldman Sachs Terminates General Guarantee Agreement Guaranteeing the Obligations of Goldman Sachs Execution & Clearing, L.P."
2017-05-25,Goldman Sachs to Present at the 2017 Deutsche Bank Global Financial Services Conference
2017-05-23,Goldman Sachs Announces Early Results of its Tender Offer For Subordinated Notes and Increase in Maximum Amount
2017-05-23,Goldman Sachs Announces Pricing Terms of Its Tender Offer For Subordinated Notes
2017-05-09,"Goldman Sachs Announces Tender Offer For Up To $750,000,000 Combined Aggregate Principal Amount of Outstanding Subordinated Notes"
2017-04-18,Goldman Sachs Reports 2017 First Quarter Earnings Per Common Share of $5.15 and Increases the Quarterly Dividend to $0.75 Per Common Share
2017-04-13,Goldman Sachs Declares Preferred Stock Dividends
2017-02-21,"Goldman Sachs Announces Redemption of the Fixed and Floating Rate Subordinated Notes Due April 19, 2022"
2017-02-06,"Goldman Sachs Announces Conference Call Dates for Fiscal 2017 First Quarter, Second Quarter, Third Quarter and Fourth Quarter Results"
2017-01-30,Chairman and CEO Lloyd Blankfeinâs Voicemail to Employees on the Executive Order on Immigration
2017-01-24,Goldman Sachs to Present at the 2017 Credit Suisse Financial Services Forum
2017-01-18,Goldman Sachs Reports 2016 Earnings Per Common Share of $16.29 and Fourth Quarter Earnings Per Common Share of $5.08
2017-01-13,Goldman Sachs Declares Preferred Stock Dividends
2017-01-12,"Statement from Lloyd Blankfein, Chairman and CEO of Goldman Sachs, on the Appointment of Dina Habib Powell to the White House"
2016-12-21,Ellen Kullman Joins Goldman Sachs Board of Directors
2016-12-14,Goldman Sachs Names David M. Solomon and Harvey M. Schwartz Presidents and Co-Chief Operating Officers; R. Martin Chavez Deputy Chief Financial Officer; Richard J. Gnodde and Pablo J. Salame Vice Chairmen
2016-12-12,"Statement From Lloyd Blankfein, Chairman and Chief Executive Officer of The Goldman Sachs Group, Inc."
2016-11-09,Goldman Sachs Announces New Partners
2016-11-04,Goldman Sachs to Present at the Bank of America Merrill Lynch Future of Financials 2016 Conference
2016-10-18,Goldman Sachs Reports 2016 Third Quarter Earnings Per Common Share of $4.88
2016-10-14,Goldman Sachs Declares Preferred Stock Dividends
2016-10-14,"Goldman Sachs Announces Redemption of 6.50% Notes due November 1, 2061"
2016-10-13,Goldman Sachs Launches New Online Personal Loan Platform; Marcus by Goldman Sachs Focuses on Helping People Manage Credit Card Debt
2016-09-29,"DC Water, Goldman Sachs and Calvert Foundation Pioneer Environmental Impact Bond"
2016-08-17,Goldman Sachs Announces Results of Tender Offer for Normal Automatic Preferred Enhanced Capital Securities of Goldman Sachs Capital II and Goldman Sachs Capital III
2016-07-20,"Goldman Sachs Commences Tender Offer to Purchase Up to $650,000,000 Liquidation Amount of the Outstanding Normal Automatic Preferred Enhanced Capital Securities of Goldman Sachs Capital II and Goldman Sachs Capital III"
2016-07-19,Goldman Sachs Reports 2016 Second Quarter Earnings Per Common Share of $3.72
2016-07-15,Goldman Sachs Declares Preferred Stock Dividends
2016-07-08,José Manuel Barroso Appointed Non-Executive Chairman of Goldman Sachs International and Advisor to Goldman Sachs
2016-07-05,Goldman Sachs Fixed Income Investor Conference Call
2016-06-29,Goldman Sachs Statement on Proposed Capital Actions
2016-06-24,Statement from Lloyd Blankfein on EU Referendum
2016-06-20,Goldman Sachs Conference Call to Announce Third Quarter 2016 Results
2016-06-20,Goldman Sachs Conference Call to Announce Annual and Fourth Quarter 2016 Results
2016-06-13,Goldman Sachs Announces Results of Tender Offer For Any and All Of Its 6.250% Notes Due September 2017
2016-06-06,Goldman Sachs Announces Tender Offer For Any and All Of Its 6.250% Notes Due September 2017
2016-05-23,Goldman Sachs Investment Management Division Completes Acquisition of Honest Dollar
2016-05-16,Goldman Sachs Announces Results of Tender Offer for Any and All of its 5.625% Subordinated Notes Due 2017
2016-05-11,Goldman Sachs to Present at the Deutsche Bank Global Financial Services Conference
2016-05-09,Goldman Sachs Announces Tender Offer For Any and All Of Its 5.625% Subordinated Notes Due 2017
2016-04-29,Goldman Sachs Conference Call to Announce Second Quarter 2016 Results
2016-04-19,Goldman Sachs Reports 2016 First Quarter Earnings Per Common Share of $2.68
2016-04-18,Goldman Sachs Bank USA Completes Acquisition of Online Deposit Platform from GE Capital Bank
2016-04-15,Goldman Sachs Declares Preferred Stock Dividends
2016-04-11,Goldman Sachs Reaches Definitive Agreement with the RMBS Working Group
2016-03-15,Goldman Sachs Announces Results of Tender Offer for Normal Automatic Preferred Enhanced Capital Securities of Goldman Sachs Capital II and Goldman Sachs Capital III
2016-03-14,Goldman Sachs Investment Management Division to Acquire Honest Dollar
2016-02-23,Goldman Sachs Announces Satisfaction of Tender Offer Financing Condition
2016-02-16,Goldman Sachs Announces an Increase in Size of Previously Announced Tender Offer to Purchase a Portion of the Outstanding Normal Automatic Preferred Enhanced Capital Securities of Goldman Sachs Capital II and Goldman sachs Capital III
2016-02-16,"Goldman Sachs Commences Tender Offer to Purchase Up to $400,000,000 Liquidation Amount of the Outstanding Normal Automatic Preferred Enhanced Capital Securities of Goldman Sachs Capital II and Goldman Sachs Capital III"
2016-01-28,Goldman Sachs Conference Call to Announce First Quarter 2016 Results
2016-01-27,Goldman Sachs to Present at the 2016 Credit Suisse Financial Services Forum
2016-01-26,Goldman Sachs Announces Launch of Degree Apprenticeship Programme
2016-01-20,Goldman Sachs Reports 2015 Earnings Per Common Share of $12.14 and Fourth Quarter Earnings Per Common Share of $1.27; RMBS Working Group Settlement Reduced Earnings Per Common Share by $6.53 for 2015 and by $3.41 for the Fourth Quarter
2016-01-15,Goldman Sachs Declares Preferred Stock Dividend
2016-01-14,Goldman Sachs Announces a Settlement in Principle with the RMBS Working Group
2015-11-12,Goldman Sachs Announces New Managing Directors
2015-11-06,Goldman Sachs Conference Call to Announce Annual and Fourth Quarter 2015 Results
2015-11-02,Goldman Sachs to Present at the Bank of America Merrill Lynch 2015 Banking and Financial Services Conference
2015-11-02,Goldman Sachs Announces $150 Billion Clean Energy Target by 2025 in New Environmental Policy Framework
2015-10-28,Goldman Sachs Adopts Proxy Access
2015-10-28,Goldman Sachs Adopts Proxy Access
2015-10-16,"Goldman Sachs Announces Redemption of 6.125% Notes Due November 1, 2060"
2015-10-15,Goldman Sachs Reports 2015 Third Quarter Earnings Per Common Share of $2.90
2015-10-09,Goldman Sachs Declares Preferred Stock Dividend
2015-09-22,A Message from Lloyd Blankfein
2015-08-13,Goldman Sachs Bank USA to Acquire the Online Deposit Platform and Assume the Deposits of GE Capital Bank
2015-07-31,Goldman Sachs Conference Call to Announce Third Quarter 2015 Results
2015-07-16,Goldman Sachs Reports 2015 Second Quarter Earnings Per Common Share of $1.98; Litigation Provisions Reduced Earnings Per Common Share by $2.77
2015-07-13,Goldman Sachs Asset Management (GSAM) to Acquire Leading Institutional Impact Investing Firm Imprint Capital
2015-07-10,Goldman Sachs Declares Preferred Stock Dividend
2015-07-09,Lord Anthony Grabiner Joins Goldman Sachs International Board
2015-07-06,Goldman Sachs Fixed Income Investor Conference Call
2015-06-26,Goldman Sachs Statement on U.S. Supreme Court Ruling on Marriage Equality
2015-06-09,Goldman Sachs Statement on GSC ETN
2015-05-26,Goldman Sachs Targets $1 Billion Renewable Energy Bond Arrangement to Expand Clean Energy in Japan
2015-05-18,Goldman Sachs Conference Call to Announce Second Quarter 2015 Results
2015-05-12,Goldman Sachs to Present at the Deutsche Bank Global Financial Services Investor Conference
2015-04-16,Goldman Sachs Reports 2015 First Quarter Earnings Per Common Share of $5.94 and Increases the Quarterly Dividend to $0.65 Per Common Share
2015-04-10,Goldman Sachs Declares Preferred Stock Dividend
2015-03-11,Goldman Sachs Statement on Proposed Capital Actions
2015-03-09,Claes Dahlbäck Will Not Stand for Re-Election to the Board of Directors of Goldman Sachs
2015-02-18,Goldman Sachs Conference Call to Announce First Quarter 2015 Results
2015-02-08,Memorandum to All Goldman Sachs Employees on John C. Whitehead
2015-02-07,Statement by Lloyd Blankfein on the Passing of Former Goldman Sachs Chairman and Senior Partner John C. Whitehead
2015-01-28,Goldman Sachs to Present at the 2015 Credit Suisse Financial Services Forum
2015-01-16,Goldman Sachs Reports 2014 Earnings Per Common Share of $17.07 and Fourth Quarter Earnings Per Common Share of $4.38
2015-01-09,Goldman Sachs Declares Preferred Stock Dividend
2015-01-06,Goldman Sachs Fixed Income Investor Conference Call
2014-12-22,Goldman Sachs Completes Sale of Metro International Trade Services
2014-12-19,Mark Flaherty and Mark Winkelman Join Goldman Sachs Board of Directors
2014-11-13,Goldman Sachs Conference Call to Announce Annual and Fourth Quarter 2014 Results
2014-11-12,Goldman Sachs Announces New Partners
2014-11-03,Goldman Sachs to Present at the Bank of America Merrill Lynch 2014 Banking and Financial Services Conference
2014-10-16,Goldman Sachs Reports 2014 Third Quarter Earnings Per Common Share of $4.57 and Increases the Quarterly Dividend to $0.60 Per Common Share
2014-10-10,Goldman Sachs Declares Preferred Stock Dividends
2014-09-10,Statement by Lloyd C. Blankfein
2014-08-22,Goldman Sachs Announces Agreements with FHFA
2014-08-11,Goldman Sachs Conference Call to Announce 2014 Third Quarter Results
2014-07-24,"Adebayo O. Ogunlesi to Become Lead Director and Chair of the Board of Directorsâ Corporate Governance, Nominating and Public Responsibilities Committee; M. Michele Burns to Chair the Risk Committee and Peter Oppenheimer to Chair the Audit Committee"
2014-07-24,James J. Schiro Retires from the Board of Directors of Goldman Sachs
2014-07-15,Goldman Sachs Reports 2014 Second Quarter Earnings Per Common Share of $4.10
2014-07-11,Goldman Sachs Declares Preferred Stock Dividends
2014-06-12,Goldman Sachs Announces Results of Tender Offer for 6.345% Capital Securities of Goldman Sachs Capital I
2014-06-11,Goldman Sachs Announces Pricing of Tender Offer for 6.345% Capital Securities of Goldman Sachs Capital I
2014-06-02,"Michael R. Bloomberg Joins 10,000 Small Businesses Advisory Council As Co-Chair"
2014-05-30,Goldman Sachs to Host North American Energy Summit
2014-05-29,Goldman Sachs Conference Call to Announce Second Quarter 2014 Results
2014-05-29,Goldman Sachs Announces Tender Offer for 6.345% Capital Securities of Goldman Sachs Capital I
2014-05-09,President Obama Highlights Goldman Sachsâ Commitment to Renewable Energy
2014-05-09,President Obama Highlights Goldman Sachsâ Commitment to Renewable Energy
2014-05-08,Goldman Sachs to Present at Sanford C. Bernstein's 2014 Annual Strategic Decisions Conference
2014-05-07,Goldman Sachs Closes Broad Street Real Estate Credit Partners II With Over $4 Billion in Capital Available to Invest in the Strategy
2014-04-23,Goldman Sachs Fixed Income Investor Conference Call
2014-04-17,Goldman Sachs Reports 2014 First Quarter Earnings Per Common Share of $4.02
2014-04-11,Goldman Sachs Declares Preferred Stock Dividends
2014-03-26,Goldman Sachs Statement on Proposed Capital Actions
2014-03-03,Peter Oppenheimer Joins Goldman Sachs Board of Directors
2014-02-25,Goldman Sachs Conference Call to Announce First Quarter 2014 Results
2014-01-16,Goldman Sachs Reports 2013 Earnings Per Common Share of $15.46; Fourth Quarter Earnings Per Common Share were $4.60.
2014-01-10,Goldman Sachs Declares Preferred Stock Dividends
2013-12-04,Goldman Sachs Conference Call to Announce Annual and Fourth Quarter 2013 Results
2013-12-02,Goldman Sachs Statement on Re-Submitted 2013 Capital Plan
2013-11-13,Goldman Sachs Announces New Managing Directors
2013-11-04,Goldman Sachs to Present at the Bank of America Merrill Lynch 2013 Banking & Financial Services Conference
2013-11-04,'Veterans on Wall Street' Announces Keynote Speakers for Third Annual Conference
2013-10-22,Goldman Sachs Announces Sale of Majority Stake in Rothesay Life
2013-10-21,Michael Evans to Retire from Goldman Sachs
2013-10-21,Goldman Sachs Asset Management to Acquire RBS' Money Market Funds
2013-10-17,Goldman Sachs Reports 2013 Third Quarter Earnings Per Common Share of $2.88 and Increases the Quarterly Dividend to $0.55 Per Common Share
2013-10-14,Goldman Sachs Fixed Income Investor Conference Call
2013-10-11,Goldman Sachs Declares Preferred Stock Dividends
2013-10-07,Robert B. Zoellick to Serve Goldman Sachs as Chairman of International Advisors
2013-10-01,Berkshire Hathaway Exercises its Warrant to Purchase Goldman Sachsâ Shares
2013-09-19,Financial Times and Goldman Sachs Announce Shortlist for 2013 Business Book of the Year Award
2013-09-03,Goldman Sachs Conference Call to Announce Third Quarter 2013 Results
2013-07-17,Goldman Sachs Completes Sale of Majority Equity Stake in REDI
2013-07-16,Goldman Sachs Reports 2013 Second Quarter Earnings Per Common Share of $3.70
2013-07-12,Goldman Sachs Declares Preferred Stock Dividends
2013-07-02,Ken Hitchner to Become President of Goldman Sachs in Asia Pacific Ex-Japan
2013-07-02,"Goldman Sachs Terminates General Guarantee Agreement Guaranteeing the Obligations of Goldman Sachs Ireland Finance Limited, Formerly Known as Goldman Sachs Bank (Europe) PLC"
2013-06-26,Goldman Sachs Statement on U.S. Supreme Court Rulings on Marriage Equality
2013-06-25,Breast Cancer Awareness Training Gets Underway in China's Hunan Province
2013-05-23,Goldman Sachs Releases the Business Standards Committee Impact Report
2013-05-14,Goldman Sachs Conference Call to Announce Second Quarter 2013 Results
2013-05-13,Goldman Sachs to Present at Sanford C. Bernstein's 2013 Annual Strategic Decisions Conference
2013-05-01,Goldman Sachs Completes Global Atlantic Investment Offering
2013-04-16,Goldman Sachs Reports 2013 First Quarter Earnings Per Common Share of $4.29
2013-04-12,Goldman Sachs Declares Preferred Stock Dividends
2013-03-26,Goldman Sachs Amends Terms of Warrants Held by Berkshire Hathaway
2013-03-14,Goldman Sachs Statement on Proposed Capital Actions
2013-03-13,Goldman Sachs to Host 2013 Annual Meeting of Shareholders in Salt Lake City
2013-03-07,Goldman Sachs Releases Dodd-Frank Act Stress Test Disclosure
2013-02-27,Goldman Sachs Signs Amicus Brief in Supreme Court Case on Marriage Equality
2013-02-14,Goldman Sachs Conference Call to Announce First Quarter 2013 Results
2013-02-05,Jim O'Neill to Retire from Goldman Sachs
2013-01-16,Goldman Sachs Reports 2012 Earnings Per Common Share of $14.13; Fourth Quarter Earnings Per Common Share were $5.60
2013-01-11,Goldman Sachs Declares Preferred Stock Dividends
2013-01-02,Goldman Sachs to Present at the 2013 Credit Suisse Financial Services Forum
2012-12-13,Goldman Sachs Fixed Income Investor Conference Call
2012-11-27,Goldman Sachs Conference Call to Announce 2012 Annual and Fourth Quarter Results
2012-11-15,Goldman Sachs Announces New Managing Directors
2012-11-14,Goldman Sachs Announces New Partners
2012-11-09,"Goldman Sachs Announces 10,000 Small Businesses UK National Alumni Network"
2012-11-06,Goldman Sachs to Present at the Bank of America Merrill Lynch 2012 banking and Financial Services Conference
2012-11-05,Mark Edward Tucker to Join Goldman Sachs Board of Directors
2012-11-02,Goldman Sachs Announces $10 Million in Hurricane Sandy Relief Funds
2012-10-16,Goldman Sachs Reports 2012 Third Quarter Earnings Per Common Share of $2.85 and Increases the Quarterly Dividend to $0.50 Per Common Share.
2012-10-15,Adebayo O. Ogunlesi to Join Goldman Sachs Board of Directors
2012-10-12,Goldman Sachs Declares Preferred Stock Dividends
2012-09-26,Goldman Sachs Supports Jobs Campaign for London's Youth
2012-09-18,Harvey M. Schwartz to Become Chief Financial Officer at the End of January 2013; David Viniar to Retire and Join Board of Directors
2012-09-18,Harvey M. Schwartz to Become Chief Financial Officer at the End of January 2013; David Viniar to Retire and Join Board of Directors
2012-09-14,Shortlist Announced for the Financial Times and Goldman Sachs Business Book of the Year Award 2012
2012-09-10,Goldman Sachs Conference Call to Announce Third Quarter 2012 Results
2012-07-17,Goldman Sachs Announces Successful Remarketing of Notes Held by Goldman Sachs Capital III
2012-07-17,State Street to Acquire Goldman Sachs Administration Services
2012-07-17,Goldman Sachs Reports 2012 Second Quarter Earnings Per Common Share of $1.78.
2012-07-13,Goldman Sachs Declares Preferred Stock Dividends
2012-07-10,Goldman Sachs Fixed Income Investor Conference Call
2012-06-11,Mark Schwartz to Return to Goldman Sachs as a Vice Chairman of the Firm and Chairman of Goldman Sachs Asia Pacific
2012-06-07,Goldman Sachs Conference Call to Announce Second Quarter 2012 Results
2012-05-23,Goldman Sachs to Present at Sanford C. Bernstein's 2012 Annual Strategic Decisions Conference 2012
2012-05-23,Goldman Sachs to Present at Sanford C. Bernstein's 2012 Annual Strategic Decisions Conference 2012
2012-04-17,Goldman Sachs Reports 2012 First Quarter Earnings Per Common Share of $3.92 and Increases the Quarterly Dividend to $0.46 Per Common Share.
2012-04-13,Goldman Sachs Declares Preferred Stock Dividends
2012-04-02,Retirement of John H. Bryan and Lois D. Juliber from Goldman Sachs Board of Directors and Appointment of New Lead Director and New Audit Committee Chair
2012-03-13,Goldman Sachs Statement on Proposed Capital Actions
2012-03-06,Goldman Sachs Announces Successful Remarketing of Notes Held by Goldman Sachs Capital II
2012-02-27,Goldman Sachs Conference Call to Announce First Quarter 2012 Results
2012-02-07,Goldman Sachs Announces Successful Completion and Expiration of Consent Solicitations for 5.793% Fixed-to-Floating Rate Normal APEX of Goldman Sachs Capital II and Floating Rate Normal APEX of Goldman Sachs Capital III
2012-01-25,Goldman Sachs to Present at the 2012 Credit Suisse Financial Services Forum
2012-01-19,Goldman Sachs Files Definitive Consent Solicitation Statements for 5.793% Fixed-to-Floating Rate Normal APEX of Goldman Sachs Capital II and Floating Rate Normal APEX of Goldman Sachs Capital III
2012-01-18,Goldman Sachs Reports 2011 Earnings Per Common Share of $4.51; Fourth Quarter Earnings Per Common Share were $1.84.
2012-01-13,Goldman Sachs Declares Preferred Stock Dividends
2012-01-09,Goldman Sachs Announces Consent Solicitations for 5.793% Fixed-to-Floating Rate Normal APEX of Goldman sachs Capital II and Floating Rate Normal APEX of Goldman Sachs Capital III
2011-12-21,Goldman Sachs Conference Call to Announce Annual and Fourth Quarter 2011 Results
2011-12-14,"Denmark and Goldman Sachs 10,000 Women Initiative Announce Strategic Partnership"
2011-11-03,POOR ECONOMICS by Abhijit V. Banerjee and Esther Duflo wins the Financial Times and Goldman Sachs Business Book of the Year Award 2011
2011-10-28,Michele Burns to Join Goldman Sachs Board of Directors
2011-10-27,Goldman Sachs to Present at the Bank of America Merrill Lynch 2011 Banking and Financial Services Conference
2011-10-18,Goldman Sachs Reports 2011 Third Quarter Loss Per Common Share of $0.84
2011-10-14,Goldman Sachs Declares Preferred Stock Dividends
2011-09-14,Shortlist Announced for the Financial Times and Goldman Sachs Business Book of the Year Award 2011
2011-09-07,Goldman Sachs Conference Call to Announce Third Quarter 2011 Results
2011-09-01,Goldman Sachs Completed Sale of Litton Loan Servicing
2011-07-19,Goldman Sachs Reports 2011 Second Quarter Earnings Per Common Share of $1.85
2011-07-15,Goldman Sachs Declares Preferred Stock Dividends
2011-06-28,Goldman Sachs Conference Call to Announce Second Quarter 2011 Results
2011-06-16,Debora Spar to Join Goldman Sachs Board of Directors
2011-06-06,Goldman Sachs to Sell Litton Loan Servicing
2011-05-27,Judd Gregg to Serve as International Advisor to Goldman Sachs
2011-05-26,Financial Times and Goldman Sachs Confirm Lord Patten as Keynote Speaker for Business Book of the Year Award 2011
2011-05-20,Goldman Sachs to Present at Sanford C. Bernstein's Twenty-Seventh Annual Strategic Decisions Conference 2011
2011-04-19,"Goldman Sachs Reports 2011 First Quarter Earnings Per Common Share of $1.56. Excluding a Preferred Dividend of $1.64 Billion Related to the Redemption of the Firmâs Series G Preferred Stock, Earnings Per Common Share were $4.38."
2011-04-15,Goldman Sachs Declares Preferred Stock Dividends
2011-04-07,Goldman Sachs Seeks To Acquire 100% of Goldman Sachs & Partners in Australia & New Zealand
2011-03-18,Goldman Sachs Conference Call to Announce First Quarter 2011 Results
2011-03-18,Goldman Sachs to Redeem Preferred Stock Issued to Berkshire Hathaway
2011-03-17,"H. Lee Scott, Jr. Will Not Stand for Re-Election to the Goldman Sachs Board of Directors"
2011-03-16,Goldman Sachs Continues Expansion in India
2011-03-15,"International Bankers Association Press Release: Major Foreign Financial Institutions in Japan Operating ""Business As Usual"""
2011-03-13,Goldman Sachs to Donate ¥500 Million to Japan Earthquake Efforts
2011-03-08,"The Goldman Sachs 10,000 Women Initiative and United States Department of State Announce New Partnership"
2011-01-27,Goldman Sachs to Present at the 2011 Credit Suisse Financial Services Forum
2011-01-19,"Goldman Sachs Reports 2010 Earnings Per Share of $13.18. Excluding the Impact of the U.K. Bank Payroll Tax, the SEC Settlement and the NYSE DMM Rights Impairment, Earnings Per Share were $15.22 for 2010. Fourth Quarter Earnings Per Share were $3.79."
2011-01-18,Goldman Sachs Conference Call to Announce Annual and Fourth Quarter 2010 Results
2011-01-14,Goldman Sachs Declares Preferred Stock Dividends
2011-01-11,Goldman Sachs Announces Publication of Business Standards Committee Report
2010-12-15,Goldman Sachs Conference Call to Announce Annual and Fourth Quarter 2010 Results
2010-11-09,Goldman Sachs to Present at the Bank of America Merrill Lynch 2010 Banking and Financial Services Conference
2010-10-27,Fault Lines - Raghuram G. Rajan Wins the Financial Times and Goldman Sachs Business Book of the Year Award 2010
2010-10-19,Goldman Sachs Reports 2010 Third Quarter Earnings Per Common Share of $2.98
2010-10-15,Goldman Sachs Declares Preferred Stock Dividends
2010-10-12,Goldman Sachs Asset Management to Launch Core Real Estate Investment Business
2010-09-16,Shortlist Announced for The Financial Times and Goldman Sachs Business Book of the Year Award 2010
2010-09-14,Goldman Sachs Conference Call to Announce Third Quarter 2010 Results
2010-09-10,Jim O'Neill Named Chairman of Goldman Sachs Asset Management
2010-08-09,Longlist Announced for the Financial Times and Goldman Sachs Business Book of the Year Award 2010
2010-07-27,Goldman Sachs Announces Clearing Services for OTC Derivatives
2010-07-20,Court Approves SEC Complaint Settlement
2010-07-20,"Goldman Sachs Reports 2010 Second Quarter Earnings Per Common Share of $0.78. Excluding the Impact of the U.K. Bank Payroll Tax and the SEC Settlement, Earnings Per Common Share were $2.75."
2010-07-19,New York City Summer Youth Employment Program Receives $1.5 Million Donation from Goldman Sachs Gives
2010-07-16,Goldman Sachs Declares Preferred Stock Dividends
2010-07-15,"Goldman, Sachs & Co. Agrees to Settlement with SEC"
2010-07-13,Goldman Sachs Partners with New York City Agencies to Finance Community Development in Bedford-Stuyvesant Brooklyn
2010-06-30,Goldman Sachs Asset Management Launches Strategic Income Fund
2010-06-23,Goldman Sachs Conference Call to Announce Second Quarter 2010 Results
2010-06-14,"Goldman Sachs Launches 10,000 Small Businesses Initiative in the Greater Los Angeles"
2010-05-25,Financial Times and Goldman Sachs Announce New Judging Panel for Business Book of the Year Award 2010
2010-05-14,Goldman Sachs Announces Details of Business Standards Committee
2010-05-06,Goldman Sachs to Present at the UBS 2010 Global Financial Services Conference
2010-04-20,Goldman Sachs Reports 2010 First Quarter Earnings Per Common Share of $5.59
2010-04-19,Goldman Sachs Conference Call to Announce First Quarter 2010 Results
2010-04-16,Goldman Sachs Makes Further Comments on SEC Complaint
2010-04-16,Goldman Sachs Responds to SEC Complaint
2010-03-26,Goldman Sachs Conference Call to Announce First Quarter 2010 Results
2010-03-19,"H. Lee Scott, Jr. Nominated for Election to the Goldman Sachs Board of Directors"
2010-03-19,Rajat K. Gupta Will Not Stand for Re-Election to the Goldman Sachs Board of Directors
2010-02-12,Ruth J. Simmons Will Not Stand for Re-Election to the Goldman Sachs Board of Directors
2010-02-09,Goldman Sachs to Present at the Credit Suisse 2010 Financial Services Conference
2010-02-02,Goldman Sachs Asset Management Launches Dynamic Allocation Fund
2010-01-21,Goldman Sachs Reports 2009 Earnings Per Common Share of $22.13; Fourth Quarter Earnings Per Common Share were $8.20
2010-01-14,Goldman Sachs Clarifies Various Media Reports of Aspect of FCIC Hearing
2010-01-08,Goldman Sachs Conference Call to Announce Annual and Fourth Quarter 2009 Results
